3,man exposed nurofen scandal question abc deal dodgy swisse auspol
3,depriving prisoner access  medical service clear case crime humanity freegolipour medical ht
2,next time someone tell israel committing genocide show
3,unemployed oops never mind
3,proof people world complete moron need follow account
3,none allegation r proved still unjustified jail since past  year justicebapuji
2, watermelon one worst fruit
2,matter much fame climb always guy fucking hate kanye
1,watch voiceover recording ice cream ad go horrendously comically wrong
1,furry bl game cry phone
1,furry bl game cry phone
1,furry bl game cry phone
3,ffs asked bro put plastic bin came back
3,fake isi attack prague intended protest caused panic
1,cincinnati zoo deleted twitter tonight amid flood harambe meme spam
3,secular leftist accidentsp suv boy diesp car man dieswhere outrage
3,look like vicious offender watch lady
3,true relationship two imperfect people refusing give aldubpwedenamag
3,friend say something stupid check brain
3,federal minimum wage  hr amp gop refuse  raise u live decently k
3,second hand book losing market
3,say cunt yup right
3,bombshell hillary health bad aide reached nfl regarding cracked head
3,ripped black life matter absent historic flooding louisiana
1,former homeless l spa man mitch shot begging outside tesco  dy short illness rip
3,already bad mood someone decides test make worse
3,bae asks forgiveness mistake
3,quite literally give shit care le tried
3,bother derryn hinch cut mid sentence
1,literally cry bc glo
2,cnn msm nbc cbs abc people dead misinformation u jail
2,cincinnati zoo delete twitter delete wrong fighting harambe
2, milk nasty nasty nasty people pour cup drink straight spawn satan
2,rather die passion boredom
1,spacey as walking right pas juicy jumbo peach wtf dude disappointed
3,outrageous  killed philippine government violent war drug must stop
3,picture  year old people think blackhistory month overrated unnecessary
1,bad girl
3,rumor tpp death hasty say still major fight stoptpp
3,talk shit
3,talk shit
3,minister nd accountable perform sack tm jaisha incident htt
3,blocked ex everything managed message direct tv
3,patrick daniel tillman gave multi million dollar career nfl threaten move gave life h
1,kak sad child
1,care sick puppy filter
3,white male rapist get light sentence due justice system feeling sympathetic yeah never happens
3,storm coming join voice ignored
1,one fw bc hell still size
2,wow evolution garbage truck insane
3,finished dumb chair mind lighting fire
3,israel bombarded gaza  airstrikes world turning blind eye like always gazaunderattack
3,bdsm dominant yes sir master tie bed fuck u senseless lot foreplay
3,confused
3,people walk like direction life pas either left right hand side
3,piece shit take white haired anime boy lust useless penguin form
1,louisstewart passed sad talent
1,sad
1,sad
3,supreme court partisan football kicked around senate leader stop treating like one
3,mom slap tf outta public trying cry
2,virgin acting though people sit floor pictured st class manc traingate
3,hillarysemails blamed staff russia powell hillary press conference ask
2,black people hate white people appropriating black hairstyle like braid dread etc
3,case innocent asaram bapu ji sheer conspiracy stop pocso misuse justicebapuji
1,tuesdaymotivation infomaniac got ton useless information
0,nothing say punk quite like broad based opposition oppressive social norm yes
1,lighting terrible look skin skincaretalk
3,horrible scum say employer kept silent savile decadesdid neil know h
1,hillary clinton email scandal got scary tech techn
3,day  ballymurphy massacre british army begin  hour murder rampage killed  people htt
3,around one six  smes uk admit cashflow problem release cash tied invoice htt
1,miss thing lose hurt
3,ryan lochte look like believe white male privilege made go away yet
2,heck chef gyu damn underrateddont tell yall forgotten helped chicken wear clothing
3,deadly virus member cdc use number different form stop pbl tlap
3,deadly virus member cdc use number different form stop pbl tlap
3,spend  hour makeup get sorry make text
3,law wild say kill hungry
1,one woman found sack field inside surprising sad
1,chloe khan suck lollipop flaunt eye popping
3,arrest warrant mother put infant refrigerator hour killing lasvegas
3,donald desperate every politician provides audience big donor mention every politician msnbc ht
1,think morbid
1,think morbid
3,olympics may dad hat never die
2,bet naked shower fucking slut
3,come fuck dirtygospel th opening bitch
3,city fee ambulance ride unfair philly resident
3,fbi nearly   uncovered email many statement proven false
2,much confused hate child
1,heartbreaking story zika calamitous attack baby brain radiology mri
1,heartbreaking story zika calamitous attack baby brain radiology mri
1,heartbreaking story zika calamitous attack baby brain radiology mri
3,stop saying harley quinn amp joker goal abusive relationship stupid new fan
3,farooqsattarconstitution mqm allow leader altaf rascal farooq lying htt
1,show killing inside
2,future vegan food gross
2,canada immigration policy killing people cdnimm
3,stay mute whole ariana mac miller thing hurt
3,proof allegation case proved false asaram bapuji innocent justicebapuji h
3,withdraw culture lose opportunity represent christ confused world
3,confused youth today
3,lot attractive people world ugly as soul
1,health poor watch listen read corruptmedia neverhillary corrupthillary trumppence
3,hi guy wanted show really alarming picture detention center hold immigrant inhumane
1,satisfied completely drained keep sending findom
3,anyone think scotland equal partner deluding simply brainwashed snpfail
2,interviewer remember tweeting fuck job ima flip dope die bitch
3,pay attention blatant hypocrisy distraction
1,weak fear strong
2,many parent feel others mean child child cyber bully see advice
3,disgusting medium try justify israeli bombing gaza palestine
2,america give shit war mongering isi weapon giver hillary email telling u
3,life current situation struggle
1,missing come wave tonight drowning
1,missing come wave tonight drowning
1,missing come wave tonight drowning
1,tweeting bc one ugly hi
3,fault
3,school stop teaching cursive kid get dumber fact ridiculous
1,bad week
2,german go full ridiculous reminder greek make act common sense germany
3,need leave everybody hell alone stay damn safe space exercise demon
3,zach strief q concerned offense sure time panic week telling
3,working garden shit funny moment
3,corny dude try funny class everyone tell stfu reason class stay late  min bell
1,israel danger humanity boycottapartheidisrael bd
3,come dispatch arrive tomorrow pissed considering paid shipping prime
2,ramen new currency prison food bad
3,blasting harm marine life let happen arctic gt gt gt
3,trump got pissed bc buzzfeed reporter took picture empty seat one rally let spread
3,finally done drew thing without guideline even tho left facing bust referenced sob
3,might make gut mar war mode look rage
1,way hell way hell paulie right natalie right bb
1,weird kid psych class kept picking nose eating smh
3,really want draw short comic st time age yet think topic excessive
3,lion lose sleep opinion sheep success motivation
3,face devil fire hell burn cursed face amp fire awaits htt
1,icantbeurfriendbecause negativity
2,bitch  wtf think cold
3,early anc conference bad idea say
1,hey bothered watching waleed aly ever explain sharia wrong gay auspol
3,expert british law rashid aslam say altaf may get  year prison proven guilty
3,feminism son dy like fuck
3,beaten back deluded chief losing market share inc online v report
1,rip leslie lohan died shortly filming parent trap  never forgotten
1,getting wanna lol fault
2,woah gray could real trouble homophobic racist sexist old tweet
2,study suggests terrible flying drone might think
1,go follow tweet always dying
0,side fat look generally first yoga workout
3,world full people care le someone care unknown animalrights
1,even though feverish amp feeling sick managed complete course without assisted aid emma
1,sad picture rhyl sun centre ruin childhood memory
2, men arrested savagely beating stabbing lost germanshepherd via cruelty
1,smile even tho sad pc
3,writer yes minister yes prime minister died
1,could get good picture makeup today save life ugh
1,could get good picture makeup today save life ugh
1,could get good picture makeup today save life ugh
1,could get good picture makeup today save life ugh
2,crack spreading across massive ice shelf antarctica bad news sea level
3,per jnu professor stop instigated fear state police
1,living proof hiphop dead hurting pain emotionally unavailable
3,someone tell consider sexually based offense especially heinous
3,ppl thought scandal would get better primaryof course getting worse hillarysemails
1,ur password stupid pal
2,like palestinian people used experiment military equipment
3,people shocked child soldier isi palestinian terror group decade
3,someone hate try apologize
3,anya amasova kgb lover killed  spy loved answer
3,salutetopakrangers mqm always thrived fear gone mqm absent
3,shove deep hole please ready go hell yet
3,life balance kind let people abuse trust deceived content
3,white life matter tired systematic racism put forth terror group blacklivesmatter
3,salutetopakrangers need know hell give license grenade rocket launcher
1,sad listen sad music purpose get sadder
3,hillary supporter must think stuff phony something ignore brain dead
1,ur bestfriend really petty
2,dont somebody kill bastard yeh communist tuchiye always anti national nation pride
3,sick hillary stand hidden stool behind keep held
1,summer bad
3,argue owning gun right abortion please slap rednationrising a chooselife h
3,shame august worst month  coping
3,hillary clinton spent  million worthless tv ad mean lousianaflood
1,hurt heart today reading
1,hurt heart today reading
1,hurt heart today reading
3,prime minister coward
2, whale found dead shore germany stomach filled plastic waste dumped sea
1,gotta keep cash flow working wait flow siphon sucked dry obama amp hillary want
3,china biggest crude oil operator north sea amid concern
3,whaling vessel pursue victim exhaustion fire grenade tipped harpoon iceland opwhales
3,rather confused photo used enlighten auspol
3,yes minister creator antony jay died age 
1,ugh wish still view morning
1,yeah worse nicotine
1,paddy shocked find pierce rhona together
1,paddy shocked find pierce rhona together
1,attention george soros bad man surprisingly back amp fund blm
3,extreme delay giving justice innocent asaram bapu ji case bogus justicebapuji
3,dipshit give music bad name obozoworld stfu maga texanswithtrumprespect usa
3,blackwomensequalpay single issue struggle intersectionality audrelorde
3,fucking ab
3,fucking ab
3,history mankind repeatedly show govts trusted eg beware ldrs pushing gun control hillary tcot ht
2,accidentally fed dog chocolate sick fuck
2,kcra funeral cancer patient attacked killed shannon vincel springfield
0,baes looking extra bomb today gaht damn
0,baes looking extra bomb today gaht damn
0,baes looking extra bomb today gaht damn
0,baes looking extra bomb today gaht damn
1,chocolate boring
1,chocolate boring
2,celeste guap call girl cop sex exploitation scandal say going rehab substance abuse sex addiction
3,concept would actually cared ugly
1,treat potential cry baby boohoo poco plane good flight yes
3,stick around keep moving guess lie ahead one way find
1,picture show humanity bad
3,rikki hurting un intentionally
1,sad
1,sad
1,sad
2,strangerthings art suggests could way worse barb egg
0,hotter hell night pushing  baby interval thismumcan
3,much pain daredevil punisher art
3,much pain daredevil punisher art
3,respect enough walk away negative situation know one right amp
0, promotes skin cancer red earphone subliminal message want dead
3,hotter wife fantasy girl self control lost found findom ht
2,tell tysonfoods stop starvingbirds pls via disgusting speechless
3,fired hiliary bc lying unethical dishonest attorney jerry zeifman dtmag
3,ever somebody accused saudi arabia apartheid course israel care
0,cru clean mean boring texas scotland christian mystery romance suspense
2,hate challenge without accepted u check new available challenge save time
1,desperately sad news coming evening tom ryan passed away aged 
1,horr ifies idea useless well educated brilliantly promising
3,life short average nonsense sundayfunday
2,tweeting go seem like luxury fuck phone least new camera still shit
1,tb alison arrested sad pllday pllchat plltheory pll prettylittleliars prettylittleliars
3,le  month removed worst mass shooting usa history run disturbing gun show ad
3,incredulous judge toss lawsuit accusing starbucks putting much ice cold drink
3,look like couple fight waiting one apologize
3,funke akindele alias threatened beat satan head dey haux created accent
3,yes kik palaminogirlie worship fucking tired pathetic loser come without
3,first idea hisoka makeup alright ignore stupid egg head used aurora nymph
3,help fallen poll get
3,shame try game anyone amp everyone shape shifter without conscience foxldt dobbs
3,really bad hurt see lmao familyguy cartoon say domestic violence
3,rio marathon silver medallist return home protest say agent pic ap
1,ouh going old voice memo found sad song
3,spy allah curse u allah like people spy say
3,coroner man police shootout died self inflicted gunshot wound
1,gentle formula solution cat sensitive stomach
3,hillary clinton may corrupt person ever seek presidency united state trumppence
3,fooled elephant perform trick unless forced often beating boycotthecircus
1,satisfied completely drained keep sending findom
3,deport everyone trump fan bothered shift mass deportation
2,mug send libs frenzy amp probably say u hate african american buy h
2,hey nairobi hate chore laundry x home care delivered ks use tw k
0,walking dead season  blu ray  never viewed digital copy
2,ypg force inside central prison hasaka baath regime tortured prisoner decade
3,different make person untrustworthy
3,death familybatman   jason todd run away trying find mother know happens
3,pc shit barely run game somehow manage
1,still emo last episode bts bon voyage scared bc bighit drop far away mv
1,still emo last episode bts bon voyage scared bc bighit drop far away mv
0,one last night family journey creamfields begin sky tonight unreal
3,effort fight discrimination may actually make worse
2,surprised dead yet
2,woman fight taken seriously cannabis help hurt read
2,whole fucking day fucking work
1,tagged song stay free clash sorry shitty quality
1,tagged song stay free clash sorry shitty quality
3,people stupid world
1,silly galaxy note v iphone  speed test meaningless
1,tootsie sad bc side door sad could meme
3, hundred died thousand wounded coup bid turkey serious reaction europe ht
3,excessive worrying negative psychological effect mentalhealth mindfulness worrying anxiety
2,dead as hate type girl come function dance homegirl
2,done sister typo even purpose
3,relationship go hell real relationship get unknown author
2,hate family coming roommom brought chicken nugget
3,ksy highkey annoying play much lowkey lowkey greasy choke occurs frequently conversation
3,much unnecessary padding omgwhy keep using thing one heard dan p
3,marco rubio care zika crisis late clear care flsen
3,look big fucking child know grass bcs hot refuse
1,show chest absolutely still complaining
1,huxley draining life energy look evil glint eye th poop day
3,mannequin look like head blown
1,exceptionally crappy journey home completely balanced finding waiting post
2,l interfere people relationship
3,libs ever get tired playing victim stop incessant whining amp go work hard blackwomensequalpay
2,ypg found  year old child detainee regime prison traumatised cannot speak v
1,get worse
2,chicken korma probably white person favourite curry bland fuck
2,chicken korma probably white person favourite curry bland fuck
3,u ever feel bad urself beth pretended boy piss boy x
3,mqm held rally show solidarity pakistan army ranger amp police fighting taliban mqmlovespakistan
3,mqm held rally show solidarity pakistan army ranger amp police fighting taliban mqmlovespakistan
1, play feeling
1,play feeling
1,play feeling 
3,cryptic note left window shield seth car turn game life amp death
1,common myth anxiety depression health
3,blame gal trying
3,shadoe tongue fly mouth random serious conversation  
3,shadoe tongue fly mouth random serious conversation  
3,part grayson said u look like piece shit killed
3,mute offensive term use name disability danielkevinharris
3,dear life ask much give chance stop annoying swear
2,state british journalism shocking least awareness produce summary
3,keeping kid away loving mother child abuse please makethecall
1,sensitive af wanna get feeling hurt
2,ripped shower hate hospital bloody death trap
2,smoke need ingesting something toxic horrendous keep body pure
2,tim cook feel shame apple tax avoiding way rest u cringing
1,trinity post jordin skye raven black thing bad boy find
3,real life selfie sorry face make without looking ugly lol subscribe
2,fuckin sister really mailed potato orlando congratulate im dead
2,gang member look like fucking gang member
1,fathfulfriend leave side  hour recent illness
1,sent drawing see really sad
3,think embarrassing stuff look back try facebook post 
3,exerted patience day ridiculous
3,people like lego broken completed another person even underneath still broke
3,calm really stigma amp ignorance kill knowledge give power positive change ht
3,laura trott frustrated questioning team gb cycling rival rio
3,government step solve problem always expense innocent people
2,australia flesh eating virus claiming victim
2,acting like drag decade people hype weak chanyeol slander nowadays
1,pose dramatically im one bit sorry
1,pose dramatically im one bit sorry
3,jhs unnecessary emojis spam make wanna beat as muted day calm fuck sometimes
3,jhs unnecessary emojis spam make wanna beat as muted day calm fuck sometimes
3,pay attention somebody else think rent space mind tru life drinkchamps
0,pokemon go dying
3,tbh drawn lot dispite inactivity cuz work finished single file w
3,tbh drawn lot dispite inactivity cuz work finished single file w
3,tbh drawn lot dispite inactivity cuz work finished single file w
3,inane defense clinton arm story claim power arm export false
2,internet troll kremlintrolls terrible human being social medium socialmedia
3,never found comfort talk like lord complain grief sorrow allah
3,getting annoyed constant singing cbb
1,afraid going please hurt stop cruelty go vegan pigtrial
2,learn ram mohun roy sadly died stapleton bristol statue near city hall ht
1,corbyn comms team still hard work traingate
3,transformer hell even gobots robot changer
3,janey giving key house honestly mistake bc obsessed dog visit daily
3,bad thing fine hell
2,officially laughable ashamed facebook
3,wtf wanted make nigga hated fucking crazy ripswipey
3,speaking translator watford manager walter mazzarri say sorry club fan defeat gill
3,bad gave u  day send stuff
2,chat become fucking jumin barbecue roasting fucker like aiyy
3,cursed imagesretweet bad luck
3,getting something isnt fault director realizes wasnt fault amp apologizes
2,see irrelevant promoted nonsense tl
2,see irrelevant promoted nonsense tl
3,believe people think shit legitimate account retweets reply shit like
3,believe people think shit legitimate account retweets reply shit like
3,ugly shit oh well dttselfies
3,someone try u amp u gotta show bos without harsh
3,many life failure people realise close success gave thomas edison
3, killed  wounded south shore shooting man killed another wounded
3,left alone everyone fuck ever
3, year ago russian soviet troop crushed another people democratic hope czechoslovakia last
1,sound annoys little as kid cry mommy
3,aging may bad economy albuquerque journal
0,trans jihyo normally nayeon see smt shocking using phone also exclaims wait moment
3,strong word worst potus ever earned enlist patriot army usfa
3,cheating site inadequate security privacy official say
0,believe exists joke
3,aye fury written face pathetic little rag turned
1,utterly sad one deserves tragic memory saved head young age
3,redskin worst madden  rating nfc east make sense
3,hiding rest season due personal foul led concussion hillaryfootballplays
3,major art block decided  try art style serum fucki ng wife turned trash
3,get student oyster card  one thinking travel free anymore make
1, yr old weight loss chronic diarrhea splenomegaly review outside slide hemepath
2,victim body lake underhill murder police say orlando
3,ah put half million cash plane iran still shit victim
1,millionaire feeling sad
2,ffs fricking sun come creepy black wig headline loki
3,mahama montie release worst decision since independence politics
1,am applying makeup half awake half dead trying cover tired
3,two worst thing ever created combined one sick
3,insane nobody resist putting face one
3,one important diversity show mostly casting agency fault
3,u try say trump bad person read
3,congress unwillingness pas obama far left agenda give authority act unilaterally tcot htt
3,bad day bird riding dog like horse
0,special place hell woman support hillary special place hell tcot h
2,admit pathetic freak young supple foot admit sacrifice
1,huge disappointment talk part making even worse
1,duo sad sad
1,anyways got id hahahahah want die look ugly
3,mt gun kill people value life kill people a pjnet
3,child learning tolerate child child learning kill child
2,bbc fucked subtitle stand subtitle showed nature documentary cry
3,calgary dad say victim unprovoked baseball bat attack
3,lurk end getting feeling hurt
3,false jew number  satanics world still jewish dna day
2,doctor know pickle jar test chronic brain damage sickhillary h
2, watermelon matter hard try like taste like water spoon sugar nasty
1,anxiety anxiety chronicillness get much paintalks
3,first true friend ever fake ya bitch could get real shit
3,worst thing danganronpa never went fucking god tier design
3,try smile picture look forced unnatural
3,illegal immigrant failed asylum seeker deported immediately day job
2,believe eye last night raving deep sometimes stay home amp recover
2,believe eye last night raving deep sometimes stay home amp recover
3,lebenon donates m  foundation amp afterwards clinton land algeria bill lesser evil scam htt
2,obesity genetic thesunrise english choice ignored blow amp ignore tntwe play
3,lorde fucking vacation tired
2,rip danielharris lost life using sign language communicate w cop cop paid leave rn
3,michael vick thug dog fighter always inaccurate fast bcuz use run cop nigger
3,despite criticism many men resist outsits
1,doubt trump suffering tertiary stage syphilispermanent damage brain
2,american politics somehow become le ridiculous newly released cat
1,sad annoyed human support staff flu sorry need bed go get box wednesday cat
1,babe spoiled today
1,babe spoiled today
3,choke take way fuck tbh
1,police smh yall muffkas need get ur shit together
0, final destination movie seriesi obsessed series death unrealistic fun
3,hell yeah know initiative people dislike noprop
2,breaking hillaryclinton voter follows want maga people amp raped medium make hrc disavow
3,literally worst person keeping secret worst spy time bfyspy
3,chris come overtom chris bring taylortom
2,south korean killed vietnamese brutal manner cambridge
1,whytrumpcanceledrallies cancel rally schedule website
1,whytrumpcanceledrallies cancel rally schedule website
1,dttselfies even though look horrible still decided participate gorgeous omg
1,dttselfies even though look horrible still decided participate gorgeous omg
3,wanna fix government problem quit voting tcot pjnet astoryinsentences
3,literally mess meet nanofarm box grows crop
2,acting like tweeted comeback century embarrassing
3,bad life mine iag romancereaders bookboost
1,yoonmin ugly ship see yoongi going hoseok
2,cambridgeshire woman found dead man seriously injured home
3,worst leader one know delegate
3,would expect le baby one security protest pc correct pervert
2,according photoshop tit yeah stupid cunt soo fucking photoshopped
3,enough distraction road without looking phone googlestreetview
2, kind pie ew nope especially pumpkin pie hate much
3,front mirror late night trying convince ugly
1,eye useless
3,life full fake people trust one hugotnahugot
3,much lyric intense experience song cause association david bowie slow burn madsmusic
1,honey want take anymore need put bedsing lullaby die end
1,honey want take anymore need put bedsing lullaby die end
1,sorry pic could
3,mark grey anatomy started fuckboy turned best fucking character im still sad
2,sickhillary wakeupamerica nra a many lie become pathological liar
1,barely nd day school smh
3,jww rude as text short think even wanna talk gang eachother
3,matching fuck fly fuckin
3,end massive fraud attack feedzai fintech machinelearning re
1,im gonna throw fuckin phone im cry sjsksklajsk
3,k late dangerous guy go homel k excuse excuse u get scold ur parent
1,also really lazy as sometimes hard try dont anything
3,horrible eyelash thesis dummy proof though blind one eye
3,yup  online shopper stop buying one bad customer experience custserv
2,social medium wake gaza amp war balochistan pity humanity world
1,ugly per usual
1,ugly per usual
3,ppl post thing like heavily hurt
3,confused confused confused like never c ripmichaelseyebrowpiercing
1,said log bank fckn dead man dkl
1,care sad person
1,care sad person
1,care sad person
2,always virtuepsychopaths crave pity use steal kill amp destroy
0,last first day damn cute share
0,last first day damn cute share
0,last first day damn cute share
3,hiv effort let test shortage say
3,mistake made justify foolish belief bad decisio
1,britney spear part help impacted devastating louisiana flood
3,holy sh ugly black life matter leader blast crap old white
3,brother finally chopped mop go check need line disappointed
3,fraud girl revealed  rape law misuse frame asaram bapu ji misuseofrapelaws
3,remember jungkook tried kill suga fake digital shooting gun suga killed childhood dream
3,remember jungkook tried kill suga fake digital shooting gun suga killed childhood dream
3,remember jungkook tried kill suga fake digital shooting gun suga killed childhood dream
2,look like literal ogar child
1,sad news former law amp order star steven hill passed away 
3,reason go rally feel guilty
3,sad see shit like  tip someone ungrateful called beautiful disrespected
2,worst fucking twitter point
3,nigga stupid
3,nigga stupid
3,get tired liberal left acting black people sort mental misfit
3,rose tralee organiser say contestant judged abortion view
3, year old charged rape get  year probation go jail
3, officethe workday typical office worker consisting ego clash inappropriate behavior tedium
3, officethe workday typical office worker consisting ego clash inappropriate behavior tedium
3,people talking crap behind
3,say hurting patient service clearly wrong onpoli carenotcuts
1,wonho embarrassing pinch wall need compliment get pouty guy look
1,wonho embarrassing pinch wall need compliment get pouty guy look
1,wonho embarrassing pinch wall need compliment get pouty guy look
3,curve game stupid
1,sad sushi kitten
3,dirty old police problem say hillary clinton
3,auspolevery disadvantaged electorate labor seat labor ever done stop poverty nothing
3,people getting nerve today sorry
1,medical news today strep throat picture symptom
1,turn jumping bathtub full hot sauce bad idea
3,teenager get trouble due late curfew bad grade get trouble
1, star show  pre recbh said pre rec last week looked sick sleep well
3,always tentacle monstergoddamn itfucking japan mangood bad fucking christ
3,raining pouring old noob dying
3,tired weak rage could scream star right skyy
2,indian terrorist army kashmir intentionally fire pellet killing effect
2,really went beyond dis ion never seen someone dedicated somebody supposed hate
3,bad day opened snap
3,hate rumor told hair dye radioactive alone would kill  million american
0,disney actor bi probably disney
1,sad look cute pup w flower
1,tried save bunny attacked r p rocky rabbit sad u strong rock
3,enough shit
2,sad see people think okay funny like heartless disgust
2,even disagree people drag clique shit like
3, tell told deleted dick pic almost started cry
3,college agency appalling record failure amp churn retard
3,four stretch flexibility help avoid unnecessary pain
0,badge finally updated look bad badge smh time switch something else
3,president solved critical issue come admin let tell stand
1,dont feel sorry brain attaching stupid thing
1,dont feel sorry brain attaching stupid thing
1,whereishillary collecting donation saudi friend sad trump trumptrain neverhillary
3,weight try joint shit problem someone come take shit nothatsnotatypo
3,pirate au lot painful u think
1,ugly rn gonna upload old selfie shit ton shit piled face amp green hair ok
1,saw man cry needed help gave money wallet could take day
2,member sos absolute piece racist amp sexist trash
2,want leave anywhere leave hate around people sometimes
3,evolution joke  rant interpreter explain blame media rant pa more joke lang sob
1,also cry pic
0,believe still follow stop laughing tweet
0,believe still follow stop laughing tweet
3,ssu like sorry sir let campus without id hood know right
1,bad night sleep mess brain memory connection
3,fooled bad boy image angel disguise mtvhottest zayn
1,dog sad
3,trumpinatx illegal race law
2,cincinnati zoo delete twitter delete wrong fighting u harambe
3,biggest regret letting slip finger
1,incase bad day
1,incase bad day
2, hotdogsy stay cookout taste like death rebuke filth jesus name
2, hotdogsy stay cookout taste like death rebuke filth jesus name
3,lesson oprah thinking big hurt
1,make sad
1,quick im sick
2,killing swear making sure dumb shit
3,feeling pressured election vote like coward
1,bad day night
2,woman behind drug bad voicemail frank ocean mom
2,mina made ugly horrible tiny pindick cucumber thing something pretty yummy sph findom
3,people fuck feeling
3,harry tripped little dog stopped apologize
3,hillary nd daughter mourn w u   say fault hillary beam w pride hillaryshuma
2,tired seeing people stop light even close yellow drivesafe
3,mt ironic mass shooting take place gunfreezone tcot a pjnet
1,awful refuse assimilated omg blatant
1,ap journalist left yeah totally shocked sick hillary seizure
3,stuff like barbossa segment make angry
3,teacher school determine student ready promotion bad test dayscount
0,alex turner mile kane rose german gig tonight one hell evening tlsp
0,alex turner mile kane rose german gig tonight one hell evening tlsp
0,alex turner mile kane rose german gig tonight one hell evening tlsp
0,alex turner mile kane rose german gig tonight one hell evening tlsp
1,jenna stray hair distracted entire podcast dink fam named pam pam distracting
3,worthless people live eat drink live people socrates
1,ariana queen jealous sad
1,apparently snoring unbearable
2,meet mila  month terrible skin infection pneumonia almost make
2,meet mila  month terrible skin infection pneumonia almost make
2,damn hate spot difference game
2,obama visit disaster area tell stay hell away legacy
1,awful quality apologise going sleep sorry awkward k bye
1,awful quality apologise going sleep sorry awkward k bye
1,awful quality apologise going sleep sorry awkward k bye
2,sure th ignorant lib apologist name air w ubut islam intentional murderous cult
2,worst part going back school able see little ugly miss u xoxo
1,got twitter jail ya miss enovaaw
3,swallow death forever sovereign lord wipe away tear face isaiah   jesus
3,bastard knock sense head good morning everyone
1,myth busted dietary cholesterol whole egg bad evidencebased
3, one direction left slowly breaking apart accept also boy band need die
2,mom asks wheres __ like damn jk fuck
3,lochte lie robbed everyone loses mind lie ok potus tcot
2,hypocrisy hated every race sex class medium dying
3,life difficult face reality john maxwell
3,losing  veteran day suicide please friend vet check stopthis
3,like worst satire ever
1, mcu bucky barnes overrated overhyped idc probably never
1, mcu bucky barnes overrated overhyped idc probably never
3,handle worst deserve best
3,trying hard funny joke dry hell
3,use complaint irea waseem razvi violently homophobic jihadist auspol
3,use complaint irea waseem razvi violently homophobic jihadist auspol
2,hey gop donor trump trump playing fool sucker trumptrain scamming
3,rose redi cheated lost herso guess single
3,country treat heroic athlete forced sneak back like bad guy
3,winning whining many people sweat small stuff focus solution problem
1,pree dope last night boy got nose broken da pit could say lit
0,eating dog healthy dog poisoned dart amp carry rabies stopyulinever
3,  magnitude earthquake hit italy town amatrice reduced rubble people trapped
1,hbd one bffs partner crime ilysm j here u laughing till cry pain
3,making assumption tend positive negative lesson
1,photo grave damage amatrice caused tonight earthquake clear info casualty jet italy htt
0,started sending brady lyric gotta go way omg stop laughing
3,attention guy join u tonight chat performance silly sketch latelateshow
1,remove bad effect life using tip gt gt love vashikaran mantra
3,uq dr thomas say attack research funding ignorant
3,federal minimum wage   enough make end meet excuse time
3,give bottle scotch handgun blow fucking head
3,molonlabe ever hear apologize adefenders america need pulled trench rednationrising
2,receipt hate
3, uninvitedanother movie one biggest plot twist typical horror movie
3,auspolshortens staff sweating like pig fed shake place corrupt evidence frm crooked labor
3, airline want die event crash sue position ensures neck snap
3,new rule obama punish contractor cheat endanger worker
1,capricorn wrong person cross sweet could really hurt yo feeling friendly always looking good time
3,due evil doer  crore male population facing massive misuse anti rape law misuseofrapelaws
1,childhood concussion minor bang head raise early death risk
2,  earthquake struck central italy  hour ago dead amp others trapped rubble
3,never go big time rush concert stanbigtimerush
2,many world woman become victim old custom
2,hate kylie lip kit formula hate
3,katkat hand give shit home wanted bed back
3,new low price edge pleasure often lie little pain bdsm romance mrbg eag
3,asaram bapu ji case allegation molestation medical proof blatant rape law misuse misuseofrapelaws
3,never thrown baseball problem right middle game ufcvancouver
2, people hate
3,chase iron eye say highway  blockade creates problem hinders emergency vehicle
2,young generation bust old crook using twitter ask arent jail vimalamindada
1,people really need stop harambe meme still recovering loss
3,stupid dumb
1,height adjustable monitor wall mount system big monitor fml
3,else boob trick picture cause flat fuck
3,nigga done scored point fucked bitch day alive dont u ever look eye
3,depressed say life bad
3,every girl deserves boy treat like girl world amp absolutely crazy
2,clinton death list  intriguing case coincidental accidental suicidal death
3,ww whist focus somme another war fought indian soldier protecting strategic suez canal
3,ever struggle selling shoe hard much tbh
1,tremble sight cold
3,want brow bad
3,want brow bad
3,breaking despite ecp notice khan sahb jalsa jhelum political tactic stop pti campaign
1,feeling dead drained af leaving uk  hour got going nice
2,awkward moment parent tn hate common core math realize still getting common core math xd
3,fugitive israeli tech ceo plead guilty u fraud case
1,apparently sidetoside music video coming august rd im literally dying
3,dollar every time bad mood
3,burkiniban decade time france judged harshly target woman enjoying beach
3,burkiniban decade time france judged harshly target woman enjoying beach
2,everyone hate cute muffin swear unproblematic defenseless soul ever
2,crime american people human right death cult immediate deportation
0,lol annoying
3,life often lived looking glass criticizing fail stop get amp make memory
1,beyond suicide bpd much worse outcome bipolar etc still dismissed difficult forgotten spsm
1,hey issue server chat cause weird kinda suck
3,petitioner say judge lose job sex assaulter probation boston globe
3,dick move god dick move atheist atheism let anyone suffer god tho ht
3,take long hard look accept ugly
3,new fda regulation proving bad health read tacoboutittuesday
1,bored life life done homework amp class tomorrow
1,bored life life done homework amp class tomorrow
1,bored life life done homework amp class tomorrow
2,level stupidity damn high
3,sorry bothered friendship
2,clinton truly corrupt disgusting people jail betterlatethannever
1,picasso blue period sad literally feel pain artwork
1,picasso blue period sad literally feel pain artwork
1,nigga really insecure
3,sad see mental health slur leadership race time change language attitude mental health ht
2,gazansi died livedi lived gravenow told big enoughto hold death
1,im cry deep keeshlyn forehead big big look im still like damn
2,bjp worker killed making bomb tribute mr award deshbhakti htt
1,louis hair longer harry cry
1,louis hair longer harry cry
3,girl hid age defame asaram bapu ji rape law misuse done misuseofrapelaws
1,tired sleep
3,stresponders never need suffer silence   nationwide stresponder stresponder
3,yg wasted offer artist im fcking mad
3,clinton corruption hus poor amp vulnerable mostthey care pay back donor cronyism bought
1,hillary clinton lying opposition tpp votegreen
2,cleanliness dirty water logged kharghar sector  post office infra pathetic shape
2,see resident lko cantt ward forced live lnn big fail htt
2,see resident lko cantt ward forced live lnn big fail htt
2,see resident lko cantt ward forced live lnn big fail htt
2,see resident lko cantt ward forced live lnn big fail htt
2,voice animal billion murdered without tinge guilt mass digoutyoursoul vegan ara
2,oil shale extraction worse fracking amp estonian company want utah desert
3,blueribbon never apologize feel like saying sorry real via sungazing
3,prayer thought italy devastated tragic earthquake much beauty life lost
3,devastation caused italy earthquake shocking thinking affected prayforitaly
3,anyone else remember lost shit reason lol
2,back killed native american food sourcesnow cut water genocide different day nodapl ht
3,make worry clark kent showed way recognised
3,liberal say even though  true must vote hillary control stupid
2,rip fucking horrible town hall   layout nexx
2,biafrans kill rampaging zoo murderous army sultan palace blood talking crap
2,biafrans kill rampaging zoo murderous army sultan palace blood talking crap
1,iraqi police officer liberating village isi meet mom thought dead
1,iraqi police officer liberating village isi meet mom thought dead
2,always one kid nasty b
3,hater enemy demon hell stop god plan life may delayed denied
3,beauty grace call pathetic face
3,hmm whereshillary support poor mother whose kid killed illegals whytrumpcanceledrallies
3,restructuring solution problem say boko haram benefactor sen mohammed ndume
3,go ahead try fuck life right killed chance
2,time humanity hatred bluehand tag newbluehand
1,miss show ugh
3,restructuring solution problem say boko haram benefactor sen mohammed ndume htt
3,poverty accident
0,still believe dan gave phil piggyback ride amp threw smh dork tho night
1,tryout tomorrow week ankle still sprained
1,make sad handle real emotion theodore  spike jonze
3,never stop annoying
3,amaq agency report killed  ypg fighter large scale military operation hasakah countryside ht
3,priyanka telling hater door hell
2,palmoilkillsthis mother orang utan burnt alive trying protect baby palm oil greed
1,new stan kroenke problem probably get worse arsenal afc
3,sharanjit singh dhillon afraid cancelled local bus wid  hr auto union gave support aap
1,mr krabs put new ride outside krusty krabb find quarter go
0,lmao clock whilst watching fight wtf lol
3,public service announcement local rational thinker joke flatearth internet joke ht
1,hurt junhyung think way beast making feel emo day good way
1,miss dumb girl amp made laugh lot sleep
2,able purchase military grade automatic assault weapon  minute smh disgusting
3,jeongcheol ugly ship thing ugly
3,jeongcheol ugly ship thing ugly
1,oh god literally look like want death exhausted please stop going airport
1,oh god literally look like want death exhausted please stop going airport
1,totally untrue amp evidence search timeline
1,singapore would never complete without anymore riplky ripsrnathan
0,honestly apocalyptic ghost battle still surrounded rainbow much get
3,know shit say aint shit dick bitch shut
1,eye sad occupation blame smile shine endgazablockade
2, year old girl sexually assaulted kidnapping murder charge say
3,misuseofrapelaws reality today innocent men easily trapped false case plz something
3,please help u get justice andrew killed night gang gutless coward
3,guy solving math problem train
3,show sale call inferior material graphicways help
3,modi admits dalits obcs nationalist modi govt disproving rohit vemula dalit true face modi bjp r
3,modi admits dalits obcs nationalist modi govt disproving rohit vemula dalit true face modi bjp r
3,try extra careful prevent failure
2,food gotten bad one prison inmate using ramen noo
3,rappler one dead dozen wounded thailand car bombing police
1,ugly asf lmao
3,understand hijab tight covering lose covering garment head toe
3,watch market compete notice take action smallbusiness
0,dude like anti apple music amp damn sure getting tidal spotify wtf
3,sorry frank wanna leak cover left choice
3,yep way people could get confused dc way
3,nomypti indian coward perform heinous task indian army kashmir blind kill c
1,pls pray good friend nothing wrong ugly
3,terrorist lawyer rich bad guy revenge rrbc asmsg
3,completely devastated heartbroken loved tom express word life never x
3,another day another korean beauty trend dying try
3,kim junmyeon single parent rich stressed love star war cry easily funny person
3,planetzuma deputy minister lie admits pay rk amp still remains minister kebbymaphatsoe
3,brother hospital broken arm mum concerned bloody grass
3,brother hospital broken arm mum concerned bloody grass
3,stupid stop thinking
1,one month without bea smith torture
1,one month without bea smith torture
1,one month without bea smith torture
1,one month without bea smith torture
0,today phinn happy sadbecause want unlock summer party phinn unlock phinnishme ign leangnova
3,scott eastwood reveals still heartbroken girlfriend died car crash
3,friend bought srk cover phone look boring
1,bad view look brunch
3, lady ex broke heart asking one shot weave rocking reject lame as htt
3, lady ex broke heart asking one shot weave rocking reject lame as htt
1,sex starved doll strapon fucked hard maria
2,fuck get ready funeral squadmars scorpio aries aquarius capricorn sagittarius gemini cancer
3,selectiveoutrage right labour party really glaring outrage aimed left
2,seen people unable buy food  million people yemen food insecure kefayawar peace
3,sorry glass ugly
3,accept wandering mind rather treat like mistake failure
1,economy could better economic growth hurting fasadi agenda
1,tragic story derbyshire backpacker mia ayliffe chung stabbed death australian hostel
2,bitch as nigga broken  hour amp snapchat already phat tho
1,heart blood drained
3,google start punishing site use annoying pop ad mobile google announ
3,misuse social support  feminism must end atrocity innocent men stop misuseofrapelaws
3,something wrong explaineverything changed bird came
3,vemula dalit say probe panel hrd ministry secular whats ur next plane u use poster boy h
3,use power pathetic way learn cm
2,drinking blood baloch civilian killing brutality believe humanity still exists pakistan htt
3,hemanta make matter worse watch hemanta theatre near
3,update  people may diedin italyearthquake however official confirmed death far h
3,update  people may diedin italyearthquake however official confirmed death far h
3,update  people may diedin italyearthquake however official confirmed death far h
3,gomoa akotsi car crash claim two life leaf  serious injury joynews
2,honestly passed tf last night
2,honestly passed tf last night
3,sattarsayaltafmurdabad stand sindh ranger crime mqm want mqm punished
3,v annoying dealing child tell j jk hide yoongi laugh run like kid srsly
1,un secretary general baan k mun u watching bombardment syria asad shouldbe hanged death h
3,fur come china even sold fake fur buy dog cat boycottchina bantrophyhunting
2,stop laughing fuck
3,cried reading cried tired
3,still changed fact kinky shit
1,heather bresch daughter sen manchin behind  increase price epipens somehow worse shkreli
1,heather bresch daughter sen manchin behind  increase price epipens somehow worse shkreli
1, danish girlshows u confused people cruelly judged sad
1, danish girlshows u confused people cruelly judged sad
1, danish girlshows u confused people cruelly judged sad
0,every slutwife know exactly befits pathetic hubby chastity
3,screeching prakash padukone man know sport say blame govt
3,run life asshole draw  hour ruin
0,proof michael give single fuck lmao
0,proof michael give single fuck lmao
0,proof michael give single fuck lmao
3,tom paine come back advising argue brain dead liberal
2,orangutan killed widespread deforestation indonesia malaysia
2, twitter nigga next make blow pride cover body shaming
1,animal stab back
3,jordan also lost time time bad boy piston eventually fell apart aged
1,im fucking tired work im finna commit soothe side
0,reporting  native standing pipeline reportthenews nodapl
3,look like killed ex
2,see taking advantage sick girl caught photo
3,worry insecurity deepika much success running around scared
0,u nigga im playin devil k im  nigga gotta explain
3,costco member still threatening cancel fiasco credit card switch
3,namjoon seokjin look like sassy annoying rich parent
2,hiliary realized debate donald trump several time b cheating way potus
3,punditsunderlalreport uncovered ugly face indian army killed thousand innocent hyderabad
3,paradigm shifting book hold mirror current unfair practice provides best practice example
3,report reveals tpp would destructive u mexican border community stoptpp
3,democrat saul alinsky theory put practice dumb populace easily controlled amp manipulated
3,breaking brussles  wounded bus uccle unstable woman attack knife suspect arrested
3,italyearthquake killed dozen also destroyed large swath several town
3,gritty true drama every parent nightmare rrbc ian memoir bookplugs pdf
2,terrible crime beauty world think moment opchemtrails
2,watch shocking video deadly niger delta militant confessed brutally murdering 
2,old ugly
3,look mario luigi chronically depressed brother maurice
3,bra mustbebannedstudies find bra harm good
2,heartbreaking prayforitalyit earthquake terrorism act
2,woofwoofwednesday hey skipping post u care dog raped death opbeast
2,woofwoofwednesday hey skipping post u care dog raped death opbeast
3,hard fail worse never tried theodore roosevelt quote inspiration leadership
1,take usiu joke need quite
3,never shaved everything foul pickup game dropped  kid talk everyday play defense
3,pray dick get big eiffel tower fuck world seventy two hour
3,roast someone joke start bringing shit actually hurt
3,think stand seeing brokenand look wth eyesand totally lose shit
3,think stand seeing brokenand look wth eyesand totally lose shit
3,line coffee really unfair shady character keep associated clinton
3,fucking legend gurl favourr
1,way justin bite straw death
1,way justin bite straw death
1,way justin bite straw death
1,way justin bite straw death
2,canadian hacker doxxing racist internet
2,republican party hate obstruction
2,taste life flight whoever predicted use empty seat tray table hate right
1,darren clarke shocking way testing player
3,want suffer reason want cause animal suffer wednesdaywisdom ht
3,bad back bruised hand later extra put together
2,video prof helen mirren shutting sexist bullshit since 
2,video prof helen mirren shutting sexist bullshit since 
2,video prof helen mirren shutting sexist bullshit since 
2,fuck brings bag chopped red onion school throw toilet fuckin hate school
3,old bluehand want man charge speaks volume idiocy newbluehand
3,painful controversial origin anesthesia told blog
1,stay girl last stroke going really hurt
3,wipe tear away eye still mourning pok√©mon lost episode n nice
1,please cross paw mia tomorrow surgery amputate tail caused owner neglect
3,bad guy da cop last halloween
2,unexploded ordnance becoming every parent nightmare yemen playfields turned minefield
3,uswhols magaluf killed roll uni
3,continues effort minority outreach hell lose
1,got annoying girlfriend amp got deal love
3,younger older kylo ren upset bathtub ezramiller adamdriver
2,know harmless innocent substance make fail random drug test
1,mr doubtfire mara wilson reveals quit hollywood painful scrutiny look
3,accidentally drop bomb kill  people prayforsyria
3,think people tired politician like idea successful businessman howard stern ht
3,israeli force suppressed solidarity march prisoner bilalkayed arrested activist jerusalem
3,israeli force suppressed solidarity march prisoner bilalkayed arrested activist jerusalem
3,every nba team worst draft decision since 
1,medium failed covering hillary disease hiding
3,join goa exec dir erich pratt fb live  pm debunking stupid gun control argument
2,pause video scrolling trough comment almost choked spit
3,going teach secret make man turned desperate
3,protect becomeselfish indifferent
3,exclusive kashmir crisis law order problem political dispute hurriyat leader mirwaiz
3,afraid fail afraid try quote thinkbigsundaywithmarsha
3,tony kidnapped kidnapper pretend avenger get info outta killed
3,tony kidnapped kidnapper pretend avenger get info outta killed
3,tony kidnapped kidnapper pretend avenger get info outta killed
3,ppl try hurt fandom feeling realize dont
3,video tech distracted kid deep device fail notice new parent sitting
2,fuck
3,election definitely contest see many time get trump say stupid ok
3,balochistani child butchered pakistani army world quiet
3,balochistani child butchered pakistani army world quiet
3,balochistani child butchered pakistani army world quiet
2,people twitter sensitive extra sometimes like literally got pet chick
1,took two expensive aspirin history wally replaced lou gehrig due headache ht
3,bitch drinking fountain exactly whywecanthavenicethings wtf
3, dobby harry potterloyal broke promise never try save harry life lost
3,brief second suddenly fantasise another guy behind fucking as
2,tarte need stop cause already broke af
2,tarte need stop cause already broke af
3,brutality small kid five karak mullah mosque really condemnable barbaric
3,ur positive angry gooneri respect u alli dislike abusive called goonersrespect coyg
3,look eye know fucking look
1,motivation fitbit weight loss tip keep bad fat away meganfox workout
1,hi sorry selfers lately feeling quite positive rare occurrence
1,hi sorry selfers lately feeling quite positive rare occurrence
3,breaking american university afghanistan attack multiple victim dead wounded
1,warns continuing cruel badgerculls major effect bovinetb ht
2,fieldwork cyprus project revisiting cemetery found grandfather grave worse state
2,black homeowner called  report wound getting shot police
0,outrageous vmas moment according rolling stone  madonna britney christina   kanye taylor 
0,outrageous vmas moment according rolling stone  madonna britney christina   kanye taylor 
1,ross liar stop production week hire specialist deal glitter issue
3,pll story lonely girl broken family finally find one
3,even trying start fight took far knowing damn well fault
3,asaram bapuji case rape law misuse single proof found yet misuseofrapelaws
2,heating year nonsense  maintain train
1,urbandoiipls one please kyliner would literally die one three x
0,ever get fruitflies tip little
3,incase ignorant motherfucker cant figure
3,time immature chaos black maybe futa mean seriously straight bulge
3,time immature chaos black maybe futa mean seriously straight bulge
1,mom ap calculus homework snuggle instead say face
3,world monetary system busted costing overseas business finance
3,whoop turn wrong unite alberta non profit ableg
3,oedipus profanity kiss mother mouth
2,really make fucking blood boil leave black woman fuck alone
1,boy band manager lou pearlman cause death revealed heart infection
3,hate people judge rapper criminal record go endure
1,ever feel sad look cat befriending baby cow
1,ever feel sad look cat befriending baby cow
1,ever feel sad look cat befriending baby cow
1,chinwe owoh amp ngozi ezeonu agent tear amp sorrow cried geda village flooded
3,india stingy training medal
3,irony sgag post stolen book post stolen facepalm
2,one dead soldier wounded damaturu gas explosion
3,lose entire mind look camera tongue slightly peeking innocent yet ruude
3,lose entire mind look camera tongue slightly peeking innocent yet ruude
3,lose entire mind look camera tongue slightly peeking innocent yet ruude
2,calling president drug dealer sen kirk embraced trump hateful rhetoric
2,illegal trappin wit brace hate much
3,surrogacybill effectively regulate commercial surrogacy amp allow ethical surrogacy needy infertile couple
3,surrogacybill effectively regulate commercial surrogacy amp allow ethical surrogacy needy infertile couple
3,surrogacybill effectively regulate commercial surrogacy amp allow ethical surrogacy needy infertile couple
3,snapchat story see teen sobbing car accidentally hitting bird
0,legal writing interfere creative writing issue different part brain law
2,pick prickly refreshing twit garden spritz world terrible shrink cocktailhour
3,defeated often temporary condition giving make permanent thursdaythoughts
0,feel overwhelmed first week school visit first day class myocean
2,white privilege sexism racism many fucked level fuck wrong system
3,look like cry mean emotional conversation passionately kissed aw
1,hibeesbounce saddened hear hibee sam passed away morning angelshighabove rip
1,oh selfish eat stale cheerio eat icecream tut tut
3,sound eerily familiar gov become corrupt branch hard know anymore lost
3,dumping waste illegal sign deter people see oswald rd yard southall broadway
3,positive thinking ignorant negative making choice grateful good
3,heart completely broke praying got affected prayforitaly
3, dailypoll say shouting slogan bharat tere tukde serious crime agree
2,time lied saving life gf beat crap u
2,time lied saving life gf beat crap u
1,deplorable ji dalits amp obcs patriot bsp ht
3,tired fuck thisthe fabric deserve fuck
3,know helped roll character amp suddenly saying horrible thing sad ht
3,nation survive fool even ambitious cannot survive treason within
1,boy corinna dog attack died multiple head neck injury
3,saville really took phone said group message cry
3,western country right full brainwashed leftist idiot run traitorous politician bansharia
2,donald trump say create new test immigrant test fail
3,police suspect stole victim identity us order debit card
3,worst shirt tamu history
2,terrible drawing terrible mind amazon age  drawwhat funny
2,obsessed nose ring
3,blame rory macdonald leaving ufc especially making   show
1,london weekend fancy drained amp degraded findom femdom cashmeet
1,london weekend fancy drained amp degraded findom femdom cashmeet
3,jiho ÏßÄÌò∏ witch ppl really scared ever hurt power powerful baby
3,jiho ÏßÄÌò∏ witch ppl really scared ever hurt power powerful baby
3,met dating site went bowling setup police say dead
3,bummed missed friend last night watch
3,justvotedjez corbynforleader want kill innocent people like
3,success ability go failure failure without losing enthusiasm winston churchill
2,son fucking cry even white people disgusted white people
